<rss version="2.0" xmlns:atom="http://www.w3.org/2005/Atom" xmlns:media="http://search.yahoo.com/mrss/">
<channel>
<title>YETI - YETI Photos  (ultime immagini)</title>
<link>http://www.yetijapan.com/zenphoto</link>
<atom:link href="http://www.yetijapan.com/zenphoto/index.php?lang=it_IT&amp;rss" rel="self"	type="application/rss+xml" />
<description></description>
<language>it-IT</language>
<pubDate>Wed, 07 Sep 2016 16:59:17 +0900</pubDate>
<lastBuildDate>Wed, 07 Sep 2016 16:59:17 +0900</lastBuildDate>
<docs>http://blogs.law.harvard.edu/tech/rss</docs>
<generator>ZenPhoto RSS Generator</generator>
	</channel>
</rss>