<rss version="2.0" xmlns:atom="http://www.w3.org/2005/Atom" xmlns:media="http://search.yahoo.com/mrss/">
<channel>
<title>YETI - YETI Photos  (latest images)</title>
<link>http://yetijapan.com/zenphoto</link>
<atom:link href="http://yetijapan.com/zenphoto/index.php?lang&amp;rss" rel="self"	type="application/rss+xml" />
<description></description>
<language></language>
<pubDate>Sat, 15 Oct 2016 17:38:29 +0900</pubDate>
<lastBuildDate>Sat, 15 Oct 2016 17:38:29 +0900</lastBuildDate>
<docs>http://blogs.law.harvard.edu/tech/rss</docs>
<generator>ZenPhoto RSS Generator</generator>
	</channel>
</rss>