<rss version="2.0" xmlns:atom="http://www.w3.org/2005/Atom" xmlns:media="http://search.yahoo.com/mrss/">
<channel>
<title>YETI - YETI Photos  (latest images)</title>
<link>http://www.yetijapan.com/zenphoto</link>
<atom:link href="http://www.yetijapan.com/zenphoto/index.php?rss&amp;lang=zh_TW" rel="self"	type="application/rss+xml" />
<description></description>
<language>zh-TW</language>
<pubDate>Thu, 09 Mar 2017 07:39:33 +0900</pubDate>
<lastBuildDate>Thu, 09 Mar 2017 07:39:33 +0900</lastBuildDate>
<docs>http://blogs.law.harvard.edu/tech/rss</docs>
<generator>ZenPhoto RSS Generator</generator>
	</channel>
</rss>