<rss version="2.0" xmlns:atom="http://www.w3.org/2005/Atom" xmlns:media="http://search.yahoo.com/mrss/">
<channel>
<title>YETI - YETI Photos  (新着画像)</title>
<link>http://www.yetijapan.com/zenphoto</link>
<atom:link href="http://www.yetijapan.com/zenphoto/index.php?rss&amp;lang=ja_JP" rel="self"	type="application/rss+xml" />
<description></description>
<language>ja-JP</language>
<pubDate>Wed, 09 Dec 2015 01:14:41 +0900</pubDate>
<lastBuildDate>Wed, 09 Dec 2015 01:14:41 +0900</lastBuildDate>
<docs>http://blogs.law.harvard.edu/tech/rss</docs>
<generator>ZenPhoto RSS Generator</generator>
	</channel>
</rss>