<rss version="2.0" xmlns:atom="http://www.w3.org/2005/Atom" xmlns:media="http://search.yahoo.com/mrss/">
<channel>
<title>YETI - YETI Photos  (latest images)</title>
<link>http://yetijapan.com/zenphoto</link>
<atom:link href="http://yetijapan.com/zenphoto/index.php?rss&amp;amp%3Bamp%3Bamp%3Bamp%3Bamp%3Bamp%3Bamp%3Bamp%3Blang=" rel="self"	type="application/rss+xml" />
<description></description>
<language></language>
<pubDate>Wed, 01 Oct 2014 14:38:40 +0900</pubDate>
<lastBuildDate>Wed, 01 Oct 2014 14:38:40 +0900</lastBuildDate>
<docs>http://blogs.law.harvard.edu/tech/rss</docs>
<generator>ZenPhoto RSS Generator</generator>
	</channel>
</rss>