<rss version="2.0" xmlns:atom="http://www.w3.org/2005/Atom" xmlns:media="http://search.yahoo.com/mrss/">
<channel>
<title>YETI - YETI Photos  (latest images)</title>
<link>http://www.yetijapan.com/zenphoto</link>
<atom:link href="http://www.yetijapan.com/zenphoto/index.php?rss&amp;lang=" rel="self"	type="application/rss+xml" />
<description></description>
<language></language>
<pubDate>Wed, 12 Jul 2017 02:41:28 +0900</pubDate>
<lastBuildDate>Wed, 12 Jul 2017 02:41:28 +0900</lastBuildDate>
<docs>http://blogs.law.harvard.edu/tech/rss</docs>
<generator>ZenPhoto RSS Generator</generator>
	</channel>
</rss>